"Afghanistan";2011;"Index 1";4.28
"Albania";2011;"Index 1";-0.38
"Algeria";2011;"Index 1";-0.11
"Angola";2011;"Index 1";0.61
"Argentina";2011;"Index 1";-0.95
"Armenia";2011;"Index 1";-2.51
"Australia";2011;"Index 1";0.34
"Austria";2011;"Index 1";0.04
"Bangladesh";2011;"Index 1";-1.24
"Belarus";2011;"Index 1";1.77
"Belgium";2011;"Index 1";-0.45
"Bhutan";2011;"Index 1";2
"Bolivia";2011;"Index 1";0.39
"Bosnia";2011;"Index 1";1
"Botswana";2011;"Index 1";0.01
"Brazil";2011;"Index 1";-0.46
"Brunei";2011;"Index 1";-1.57
"Bulgaria";2011;"Index 1";0.12
"Burundi";2011;"Index 1";0.53
"Cambodia";2011;"Index 1";-3.09
"Cameroon";2011;"Index 1";-1.87
"Canada";2011;"Index 1";0.14
"Ctr Afr Rep";2011;"Index 1";4.96
"Chad";2011;"Index 1";3.48
"Chile";2011;"Index 1";-0.14
"Hong Kong";2011;"Index 1";0.06
"Macao";2011;"Index 1";-0.09
"China";2011;"Index 1";0.12
"Colombia";2011;"Index 1";-0.13
"Congo";2011;"Index 1";-1.9
"Costa Rica";2011;"Index 1";0.02
"Croatia";2011;"Index 1";0.59
"Cyprus";2011;"Index 1";-1.06
"Czech Republic";2011;"Index 1";-0.07
"Denmark";2011;"Index 1";0.51
"Djibouti";2011;"Index 1";-2.21
"Dominican Rep";2011;"Index 1";0.62
"Ecuador";2011;"Index 1";-0.35
"El Salvador";2011;"Index 1";-0.01
"Eq. Guinea";2011;"Index 1";-0.09
"Estonia";2011;"Index 1";1.26
"Eswatini";2011;"Index 1";-1.13
"Fiji";2011;"Index 1";-1.83
"Finland";2011;"Index 1";-0.36
"France";2011;"Index 1";-0.24
"Gabon";2011;"Index 1";-5.98
"Gambia";2011;"Index 1";-0.23
"Georgia";2011;"Index 1";-0.52
"Germany";2011;"Index 1";0.13
"Ghana";2011;"Index 1";-0.93
"Greece";2011;"Index 1";0.36
"Guatemala";2011;"Index 1";-0.35
"Honduras";2011;"Index 1";-0.39
"Hungary";2011;"Index 1";-0.11
"India";2011;"Index 1";0.26
"Indonesia";2011;"Index 1";-0.11
"Ireland";2011;"Index 1";3.57
"Israel";2011;"Index 1";-0.07
"Italy";2011;"Index 1";0.27
"Kazakhstan";2011;"Index 1";0.19
"Kenya";2011;"Index 1";-1.03
"Korea Rep";2011;"Index 1";-0.22
"Kosovo";2011;"Index 1";-0.47
"Kuwait";2011;"Index 1";-0.68
"Kyrgyz Rep";2011;"Index 1";-0.83
"Latvia";2011;"Index 1";1.76
"Lebanon";2011;"Index 1";-0.3
"Lesotho";2011;"Index 1";0.58
"Lithuania";2011;"Index 1";1.12
"Luxembourg";2011;"Index 1";-0.52
"Macedonia";2011;"Index 1";0.3
"Madagascar";2011;"Index 1";0.26
"Malaysia";2011;"Index 1";-0.15
"Malta";2011;"Index 1";0.54
"Mauritius";2011;"Index 1";-0.27
"Mexico";2011;"Index 1";-0.85
"Moldova";2011;"Index 1";0.89
"Namibia";2011;"Index 1";-0.26
"Netherlands";2011;"Index 1";-0.27
"Nicaragua";2011;"Index 1";-0.86
"Nigeria";2011;"Index 1";10.42
"Norway";2011;"Index 1";-0.09
"Pakistan";2011;"Index 1";0.28
"Panama";2011;"Index 1";-0.41
"P. N. Guinea";2011;"Index 1";-0.72
"Paraguay";2011;"Index 1";1.11
"Peru";2011;"Index 1";-0.03
"Philippines";2011;"Index 1";0.47
"Poland";2011;"Index 1";-0.52
"Portugal";2011;"Index 1";0.13
"Romania";2011;"Index 1";-0.82
"Russia";2011;"Index 1";-1.6
"Rwanda";2011;"Index 1";0.85
"San Marino";2011;"Index 1";-1.07
"Saudi Arabia";2011;"Index 1";-0.14
"Seychelles";2011;"Index 1";0.69
"Singapore";2011;"Index 1";-1.2
"Slovak Rep";2011;"Index 1";0.6
"Slovenia";2011;"Index 1";0.36
"Solomon";2011;"Index 1";1.05
"South Africa";2011;"Index 1";0.37
"Spain";2011;"Index 1";-0.01
"Sri Lanka";2011;"Index 1";-0.37
"Sweden";2011;"Index 1";0.02
"Switzerland";2011;"Index 1";-0.04
"Tanzania";2011;"Index 1";-0.62
"Thailand";2011;"Index 1";-0.54
"Tonga";2011;"Index 1";0.97
"Trinidad Tobago";2011;"Index 1";0.32
"Turkey";2011;"Index 1";-1.33
"Uganda";2011;"Index 1";0.46
"Ukraine";2011;"Index 1";-0.55
"U. K.";2011;"Index 1";-0.27
"United States";2011;"Index 1";-0.13
"Uruguay";2011;"Index 1";0.64
"Vanuatu";2011;"Index 1";-3.37
"Vietnam";2011;"Index 1";0.65
"West Bank";2011;"Index 1";-0.09
"Zambia";2011;"Index 1";-0.94
"Afghanistan";2011;"Index 2";-12.33
"Albania";2011;"Index 2";0.92
"Algeria";2011;"Index 2";0
"Angola";2011;"Index 2";-0.27
"Argentina";2011;"Index 2";-0.11
"Armenia";2011;"Index 2";-0.22
"Australia";2011;"Index 2";-0.26
"Austria";2011;"Index 2";0.44
"Bangladesh";2011;"Index 2";0.09
"Belarus";2011;"Index 2";1.31
"Belgium";2011;"Index 2";0.4
"Bhutan";2011;"Index 2";0.23
"Bolivia";2011;"Index 2";-0.69
"Bosnia";2011;"Index 2";-0.02
"Botswana";2011;"Index 2";-0.05
"Brazil";2011;"Index 2";0.34
"Brunei";2011;"Index 2";0.85
"Bulgaria";2011;"Index 2";0.72
"Burundi";2011;"Index 2";-0.3
"Cambodia";2011;"Index 2";-0.96
"Cameroon";2011;"Index 2";-0.03
"Canada";2011;"Index 2";0.3
"Ctr Afr Rep";2011;"Index 2";1.36
"Chad";2011;"Index 2";1.24
"Chile";2011;"Index 2";0.08
"Hong Kong";2011;"Index 2";-0.07
"Macao";2011;"Index 2";-0.15
"China";2011;"Index 2";0.22
"Colombia";2011;"Index 2";0.47
"Congo";2011;"Index 2";0.16
"Costa Rica";2011;"Index 2";0.27
"Croatia";2011;"Index 2";0.61
"Cyprus";2011;"Index 2";2.82
"Czech Republic";2011;"Index 2";0.22
"Denmark";2011;"Index 2";0.21
"Djibouti";2011;"Index 2";5.7
"Dominican Rep";2011;"Index 2";0.52
"Ecuador";2011;"Index 2";0.02
"El Salvador";2011;"Index 2";0.02
"Eq. Guinea";2011;"Index 2";-0.72
"Estonia";2011;"Index 2";-3.55
"Eswatini";2011;"Index 2";-0.33
"Fiji";2011;"Index 2";-0.15
"Finland";2011;"Index 2";0.07
"France";2011;"Index 2";0.62
"Gabon";2011;"Index 2";-1.72
"Gambia";2011;"Index 2";0.27
"Georgia";2011;"Index 2";-0.4
"Germany";2011;"Index 2";0.26
"Ghana";2011;"Index 2";-0.23
"Greece";2011;"Index 2";2.67
"Guatemala";2011;"Index 2";0.35
"Honduras";2011;"Index 2";0.17
"Hungary";2011;"Index 2";0.82
"India";2011;"Index 2";-3.23
"Indonesia";2011;"Index 2";0.35
"Ireland";2011;"Index 2";-7
"Israel";2011;"Index 2";-0.14
"Italy";2011;"Index 2";1.01
"Kazakhstan";2011;"Index 2";-0.05
"Kenya";2011;"Index 2";0.12
"Korea Rep";2011;"Index 2";0.39
"Kosovo";2011;"Index 2";0.19
"Kuwait";2011;"Index 2";0.97
"Kyrgyz Rep";2011;"Index 2";-0.76
"Latvia";2011;"Index 2";-0.41
"Lebanon";2011;"Index 2";-3.41
"Lesotho";2011;"Index 2";0.43
"Lithuania";2011;"Index 2";-0.79
"Luxembourg";2011;"Index 2";0.34
"Macedonia";2011;"Index 2";0.65
"Madagascar";2011;"Index 2";0.29
"Malaysia";2011;"Index 2";0.09
"Malta";2011;"Index 2";-0.13
"Mauritius";2011;"Index 2";0.56
"Mexico";2011;"Index 2";0.4
"Moldova";2011;"Index 2";-1.57
"Namibia";2011;"Index 2";0.09
"Netherlands";2011;"Index 2";0.4
"Nicaragua";2011;"Index 2";-0.17
"Nigeria";2011;"Index 2";0.33
"Norway";2011;"Index 2";0.5
"Pakistan";2011;"Index 2";0.5
"Panama";2011;"Index 2";0.11
"P. N. Guinea";2011;"Index 2";0.03
"Paraguay";2011;"Index 2";1.27
"Peru";2011;"Index 2";0.17
"Philippines";2011;"Index 2";0.22
"Poland";2011;"Index 2";0.23
"Portugal";2011;"Index 2";-0.06
"Romania";2011;"Index 2";0.26
"Russia";2011;"Index 2";-0.08
"Rwanda";2011;"Index 2";-2.28
"San Marino";2011;"Index 2";2.84
"Saudi Arabia";2011;"Index 2";0.2
"Seychelles";2011;"Index 2";-1.72
"Singapore";2011;"Index 2";-0.04
"Slovak Rep";2011;"Index 2";0.4
"Slovenia";2011;"Index 2";0.76
"Solomon";2011;"Index 2";1.01
"South Africa";2011;"Index 2";-0.26
"Spain";2011;"Index 2";0.68
"Sri Lanka";2011;"Index 2";1.67
"Sweden";2011;"Index 2";0.28
"Switzerland";2011;"Index 2";0.18
"Tanzania";2011;"Index 2";0.01
"Thailand";2011;"Index 2";-0.22
"Tonga";2011;"Index 2";0.38
"Trinidad Tobago";2011;"Index 2";0.43
"Turkey";2011;"Index 2";0.27
"Uganda";2011;"Index 2";0.19
"Ukraine";2011;"Index 2";-0.23
"U. K.";2011;"Index 2";0.63
"United States";2011;"Index 2";0.29
"Uruguay";2011;"Index 2";0.26
"Vanuatu";2011;"Index 2";0.15
"Vietnam";2011;"Index 2";0.55
"West Bank";2011;"Index 2";0.25
"Zambia";2011;"Index 2";-0.97
"Afghanistan";2012;"Index 1";-1.55
"Albania";2012;"Index 1";0.28
"Algeria";2012;"Index 1";-0.55
"Angola";2012;"Index 1";-0.03
"Argentina";2012;"Index 1";1.11
"Armenia";2012;"Index 1";-1.81
"Australia";2012;"Index 1";0.05
"Austria";2012;"Index 1";0.71
"Bangladesh";2012;"Index 1";-1.59
"Belarus";2012;"Index 1";-3.14
"Belgium";2012;"Index 1";0.34
"Bhutan";2012;"Index 1";-0.07
"Bolivia";2012;"Index 1";0.86
"Bosnia";2012;"Index 1";-0.09
"Botswana";2012;"Index 1";0.62
"Brazil";2012;"Index 1";-0.54
"Brunei";2012;"Index 1";0.77
"Bulgaria";2012;"Index 1";-0.81
"Burundi";2012;"Index 1";-0.01
"Cambodia";2012;"Index 1";-1.42
"Cameroon";2012;"Index 1";0.9
"Canada";2012;"Index 1";-0.36
"Ctr Afr Rep";2012;"Index 1";-2.75
"Chad";2012;"Index 1";-1.42
"Chile";2012;"Index 1";-0.63
"Hong Kong";2012;"Index 1";-0.16
"Macao";2012;"Index 1";-0.41
"China";2012;"Index 1";0.1
"Colombia";2012;"Index 1";0.3
"Congo";2012;"Index 1";0.8
"Costa Rica";2012;"Index 1";-0.63
"Croatia";2012;"Index 1";0.28
"Cyprus";2012;"Index 1";-3.33
"Czech Republic";2012;"Index 1";0.62
"Denmark";2012;"Index 1";2.8
"Djibouti";2012;"Index 1";-2.25
"Dominican Rep";2012;"Index 1";-0.32
"Ecuador";2012;"Index 1";-0.2
"El Salvador";2012;"Index 1";-0.41
"Eq. Guinea";2012;"Index 1";4.76
"Estonia";2012;"Index 1";0.34
"Eswatini";2012;"Index 1";0.13
"Fiji";2012;"Index 1";-1.09
"Finland";2012;"Index 1";2.26
"France";2012;"Index 1";1.76
"Gabon";2012;"Index 1";-2.07
"Gambia";2012;"Index 1";-0.24
"Georgia";2012;"Index 1";0.18
"Germany";2012;"Index 1";1.01
"Ghana";2012;"Index 1";0.54
"Greece";2012;"Index 1";-2.12
"Guatemala";2012;"Index 1";-0.91
"Honduras";2012;"Index 1";-0.68
"Hungary";2012;"Index 1";1.67
"India";2012;"Index 1";-0.04
"Indonesia";2012;"Index 1";0.58
"Ireland";2012;"Index 1";-0.2
"Israel";2012;"Index 1";0.55
"Italy";2012;"Index 1";0.99
"Kazakhstan";2012;"Index 1";0.16
"Kenya";2012;"Index 1";0.36
"Korea Rep";2012;"Index 1";0.09
"Kosovo";2012;"Index 1";0.04
"Kuwait";2012;"Index 1";-0.77
"Kyrgyz Rep";2012;"Index 1";-1.86
"Latvia";2012;"Index 1";0.12
"Lebanon";2012;"Index 1";0.62
"Lesotho";2012;"Index 1";-1.4
"Lithuania";2012;"Index 1";1.48
"Luxembourg";2012;"Index 1";1.35
"Macedonia";2012;"Index 1";0.38
"Madagascar";2012;"Index 1";-0.14
"Malaysia";2012;"Index 1";-0.1
"Malta";2012;"Index 1";0.19
"Mauritius";2012;"Index 1";1.44
"Mexico";2012;"Index 1";-0.01
"Moldova";2012;"Index 1";-2.8
"Namibia";2012;"Index 1";-0.47
"Netherlands";2012;"Index 1";0.32
"Nicaragua";2012;"Index 1";-1.51
"Nigeria";2012;"Index 1";-0.12
"Norway";2012;"Index 1";0.68
"Pakistan";2012;"Index 1";0.32
"Panama";2012;"Index 1";-0.31
"P. N. Guinea";2012;"Index 1";0.02
"Paraguay";2012;"Index 1";0.23
"Peru";2012;"Index 1";0.15
"Philippines";2012;"Index 1";0.52
"Poland";2012;"Index 1";1.24
"Portugal";2012;"Index 1";1.98
"Romania";2012;"Index 1";0.24
"Russia";2012;"Index 1";-0.55
"Rwanda";2012;"Index 1";-1.57
"San Marino";2012;"Index 1";-4.2
"Saudi Arabia";2012;"Index 1";0.27
"Seychelles";2012;"Index 1";1.05
"Singapore";2012;"Index 1";1.25
"Slovak Rep";2012;"Index 1";1.21
"Slovenia";2012;"Index 1";0.05
"Solomon";2012;"Index 1";-1.03
"South Africa";2012;"Index 1";0.46
"Spain";2012;"Index 1";-0.94
"Sri Lanka";2012;"Index 1";-1.03
"Sweden";2012;"Index 1";0.11
"Switzerland";2012;"Index 1";0.17
"Tanzania";2012;"Index 1";-0.52
"Thailand";2012;"Index 1";0.28
"Tonga";2012;"Index 1";7.32
"Trinidad Tobago";2012;"Index 1";-0.61
"Turkey";2012;"Index 1";0.51
"Uganda";2012;"Index 1";-0.54
"Ukraine";2012;"Index 1";-0.18
"U. K.";2012;"Index 1";1
"United States";2012;"Index 1";-0.24
"Uruguay";2012;"Index 1";-0.21
"Vanuatu";2012;"Index 1";0.62
"Vietnam";2012;"Index 1";-0.13
"West Bank";2012;"Index 1";-0.92
"Zambia";2012;"Index 1";2.48
"Afghanistan";2012;"Index 2";-2.38
"Albania";2012;"Index 2";-0.15
"Algeria";2012;"Index 2";-0.3
"Angola";2012;"Index 2";0.6
"Argentina";2012;"Index 2";-0.59
"Armenia";2012;"Index 2";-0.24
"Australia";2012;"Index 2";-0.7
"Austria";2012;"Index 2";-0.51
"Bangladesh";2012;"Index 2";0.82
"Belarus";2012;"Index 2";1.44
"Belgium";2012;"Index 2";0.97
"Bhutan";2012;"Index 2";1.38
"Bolivia";2012;"Index 2";0.01
"Bosnia";2012;"Index 2";0.49
"Botswana";2012;"Index 2";-0.47
"Brazil";2012;"Index 2";-0.87
"Brunei";2012;"Index 2";0.33
"Bulgaria";2012;"Index 2";-0.96
"Burundi";2012;"Index 2";1.25
"Cambodia";2012;"Index 2";-1.32
"Cameroon";2012;"Index 2";0.92
"Canada";2012;"Index 2";-0.47
"Ctr Afr Rep";2012;"Index 2";0.66
"Chad";2012;"Index 2";-0.24
"Chile";2012;"Index 2";0.03
"Hong Kong";2012;"Index 2";-0.58
"Macao";2012;"Index 2";-0.15
"China";2012;"Index 2";-0.4
"Colombia";2012;"Index 2";-0.26
"Congo";2012;"Index 2";2.56
"Costa Rica";2012;"Index 2";-0.39
"Croatia";2012;"Index 2";0.12
"Cyprus";2012;"Index 2";3.69
"Czech Republic";2012;"Index 2";-0.93
"Denmark";2012;"Index 2";-1.6
"Djibouti";2012;"Index 2";-4.34
"Dominican Rep";2012;"Index 2";0.13
"Ecuador";2012;"Index 2";0.06
"El Salvador";2012;"Index 2";-0.71
"Eq. Guinea";2012;"Index 2";-3.03
"Estonia";2012;"Index 2";-0.36
"Eswatini";2012;"Index 2";1.59
"Fiji";2012;"Index 2";-0.19
"Finland";2012;"Index 2";-0.47
"France";2012;"Index 2";1.25
"Gabon";2012;"Index 2";-0.91
"Gambia";2012;"Index 2";-1.22
"Georgia";2012;"Index 2";-0.37
"Germany";2012;"Index 2";-0.39
"Ghana";2012;"Index 2";-0.17
"Greece";2012;"Index 2";2.35
"Guatemala";2012;"Index 2";-0.17
"Honduras";2012;"Index 2";0.33
"Hungary";2012;"Index 2";0.19
"India";2012;"Index 2";0.43
"Indonesia";2012;"Index 2";-0.5
"Ireland";2012;"Index 2";7.07
"Israel";2012;"Index 2";-0.47
"Italy";2012;"Index 2";-0.53
"Kazakhstan";2012;"Index 2";-0.75
"Kenya";2012;"Index 2";-0.12
"Korea Rep";2012;"Index 2";0.49
"Kosovo";2012;"Index 2";0.21
"Kuwait";2012;"Index 2";-1.46
"Kyrgyz Rep";2012;"Index 2";-1.22
"Latvia";2012;"Index 2";-1.82
"Lebanon";2012;"Index 2";-0.2
"Lesotho";2012;"Index 2";0.07
"Lithuania";2012;"Index 2";-0.81
"Luxembourg";2012;"Index 2";-1.1
"Macedonia";2012;"Index 2";-0.61
"Madagascar";2012;"Index 2";-0.39
"Malaysia";2012;"Index 2";-0.52
"Malta";2012;"Index 2";-0.96
"Mauritius";2012;"Index 2";0.66
"Mexico";2012;"Index 2";0.32
"Moldova";2012;"Index 2";2.79
"Namibia";2012;"Index 2";-0.07
"Netherlands";2012;"Index 2";1.13
"Nicaragua";2012;"Index 2";-0.44
"Nigeria";2012;"Index 2";3.52
"Norway";2012;"Index 2";-0.61
"Pakistan";2012;"Index 2";-0.99
"Panama";2012;"Index 2";-0.34
"P. N. Guinea";2012;"Index 2";-0.77
"Paraguay";2012;"Index 2";-0.46
"Peru";2012;"Index 2";-0.46
"Philippines";2012;"Index 2";-0.69
"Poland";2012;"Index 2";-0.32
"Portugal";2012;"Index 2";-0.39
"Romania";2012;"Index 2";-1.29
"Russia";2012;"Index 2";-0.22
"Rwanda";2012;"Index 2";1.75
"San Marino";2012;"Index 2";-3.66
"Saudi Arabia";2012;"Index 2";-0.45
"Seychelles";2012;"Index 2";4.32
"Singapore";2012;"Index 2";-0.55
"Slovak Rep";2012;"Index 2";1.03
"Slovenia";2012;"Index 2";0.37
"Solomon";2012;"Index 2";-0.9
"South Africa";2012;"Index 2";0.53
"Spain";2012;"Index 2";-0.03
"Sri Lanka";2012;"Index 2";-0.64
"Sweden";2012;"Index 2";0.21
"Switzerland";2012;"Index 2";0.09
"Tanzania";2012;"Index 2";-0.18
"Thailand";2012;"Index 2";-0.65
"Tonga";2012;"Index 2";6.46
"Trinidad Tobago";2012;"Index 2";-0.17
"Turkey";2012;"Index 2";-0.78
"Uganda";2012;"Index 2";-1.91
"Ukraine";2012;"Index 2";-0.56
"U. K.";2012;"Index 2";1.17
"United States";2012;"Index 2";-0.81
"Uruguay";2012;"Index 2";0.73
"Vanuatu";2012;"Index 2";0.51
"Vietnam";2012;"Index 2";0.35
"West Bank";2012;"Index 2";-0.39
"Zambia";2012;"Index 2";0.66
"Afghanistan";2013;"Index 1";3.78
"Albania";2013;"Index 1";0.54
"Algeria";2013;"Index 1";-1.64
"Angola";2013;"Index 1";1.52
"Argentina";2013;"Index 1";-0.7
"Armenia";2013;"Index 1";-0.65
"Australia";2013;"Index 1";-0.67
"Austria";2013;"Index 1";0.01
"Bangladesh";2013;"Index 1";0.27
"Belarus";2013;"Index 1";-4.15
"Belgium";2013;"Index 1";0.95
"Bhutan";2013;"Index 1";2.43
"Bolivia";2013;"Index 1";0.39
"Bosnia";2013;"Index 1";-0.01
"Botswana";2013;"Index 1";0.41
"Brazil";2013;"Index 1";-0.98
"Brunei";2013;"Index 1";0.7
"Bulgaria";2013;"Index 1";0.33
"Burundi";2013;"Index 1";0.33
"Cambodia";2013;"Index 1";-0.26
"Cameroon";2013;"Index 1";1.26
"Canada";2013;"Index 1";-1.38
"Ctr Afr Rep";2013;"Index 1";8.61
"Chad";2013;"Index 1";1.93
"Chile";2013;"Index 1";-0.8
"Hong Kong";2013;"Index 1";-0.91
"Macao";2013;"Index 1";-0.96
"China";2013;"Index 1";-1.22
"Colombia";2013;"Index 1";-1.24
"Congo";2013;"Index 1";0.77
"Costa Rica";2013;"Index 1";-0.98
"Croatia";2013;"Index 1";0.24
"Cyprus";2013;"Index 1";6.61
"Czech Republic";2013;"Index 1";-1.16
"Denmark";2013;"Index 1";-0.62
"Djibouti";2013;"Index 1";0.19
"Dominican Rep";2013;"Index 1";-2.25
"Ecuador";2013;"Index 1";-0.58
"El Salvador";2013;"Index 1";-0.52
"Eq. Guinea";2013;"Index 1";-0.42
"Estonia";2013;"Index 1";1.38
"Eswatini";2013;"Index 1";-0.29
"Fiji";2013;"Index 1";-1.24
"Finland";2013;"Index 1";-1.25
"France";2013;"Index 1";0
"Gabon";2013;"Index 1";0.79
"Gambia";2013;"Index 1";-1.63
"Georgia";2013;"Index 1";0.45
"Germany";2013;"Index 1";0.43
"Ghana";2013;"Index 1";-1.53
"Greece";2013;"Index 1";3.31
"Guatemala";2013;"Index 1";-0.47
"Honduras";2013;"Index 1";-1.06
"Hungary";2013;"Index 1";0.91
"India";2013;"Index 1";-0.82
"Indonesia";2013;"Index 1";0.29
"Ireland";2013;"Index 1";1.21
"Israel";2013;"Index 1";0.36
"Italy";2013;"Index 1";-0.17
"Kazakhstan";2013;"Index 1";-0.64
"Kenya";2013;"Index 1";0.45
"Korea Rep";2013;"Index 1";-0.32
"Kosovo";2013;"Index 1";-1.44
"Kuwait";2013;"Index 1";-0.7
"Kyrgyz Rep";2013;"Index 1";-2.88
"Latvia";2013;"Index 1";1.6
"Lebanon";2013;"Index 1";0.37
"Lesotho";2013;"Index 1";0.05
"Lithuania";2013;"Index 1";1.26
"Luxembourg";2013;"Index 1";0.07
"Macedonia";2013;"Index 1";0.06
"Madagascar";2013;"Index 1";0.32
"Malaysia";2013;"Index 1";-1.3
"Malta";2013;"Index 1";0.09
"Mauritius";2013;"Index 1";-0.12
"Mexico";2013;"Index 1";-0.57
"Moldova";2013;"Index 1";-1.89
"Namibia";2013;"Index 1";-0.06
"Netherlands";2013;"Index 1";-0.52
"Nicaragua";2013;"Index 1";-0.47
"Nigeria";2013;"Index 1";-1.23
"Norway";2013;"Index 1";-0.11
"Pakistan";2013;"Index 1";0.26
"Panama";2013;"Index 1";-1.3
"P. N. Guinea";2013;"Index 1";0.49
"Paraguay";2013;"Index 1";-1.87
"Peru";2013;"Index 1";-0.73
"Philippines";2013;"Index 1";-1.66
"Poland";2013;"Index 1";0.44
"Portugal";2013;"Index 1";-0.14
"Romania";2013;"Index 1";0.36
"Russia";2013;"Index 1";-0.73
"Rwanda";2013;"Index 1";-2.39
"San Marino";2013;"Index 1";6.03
"Saudi Arabia";2013;"Index 1";0.33
"Seychelles";2013;"Index 1";-0.44
"Singapore";2013;"Index 1";-1.78
"Slovak Rep";2013;"Index 1";0.31
"Slovenia";2013;"Index 1";0.85
"Solomon";2013;"Index 1";-0.73
"South Africa";2013;"Index 1";-0.62
"Spain";2013;"Index 1";1.41
"Sri Lanka";2013;"Index 1";-0.96
"Sweden";2013;"Index 1";0.44
"Switzerland";2013;"Index 1";1.35
"Tanzania";2013;"Index 1";-0.02
"Thailand";2013;"Index 1";-0.04
"Tonga";2013;"Index 1";0.98
"Trinidad Tobago";2013;"Index 1";-1.09
"Turkey";2013;"Index 1";-2.86
"Uganda";2013;"Index 1";-0.78
"Ukraine";2013;"Index 1";0.2
"U. K.";2013;"Index 1";0.66
"United States";2013;"Index 1";-0.79
"Uruguay";2013;"Index 1";-0.77
"Vanuatu";2013;"Index 1";1.99
"Vietnam";2013;"Index 1";-0.97
"West Bank";2013;"Index 1";-1.09
"Zambia";2013;"Index 1";3.79
"Afghanistan";2013;"Index 2";1.13
"Albania";2013;"Index 2";0.79
"Algeria";2013;"Index 2";1.11
"Angola";2013;"Index 2";0.15
"Argentina";2013;"Index 2";1.3
"Armenia";2013;"Index 2";-1.24
"Australia";2013;"Index 2";0.53
"Austria";2013;"Index 2";-1
"Bangladesh";2013;"Index 2";-1.04
"Belarus";2013;"Index 2";0.79
"Belgium";2013;"Index 2";2.74
"Bhutan";2013;"Index 2";1.92
"Bolivia";2013;"Index 2";0.85
"Bosnia";2013;"Index 2";-1.9
"Botswana";2013;"Index 2";0.48
"Brazil";2013;"Index 2";0.28
"Brunei";2013;"Index 2";1.99
"Bulgaria";2013;"Index 2";-0.26
"Burundi";2013;"Index 2";-2.59
"Cambodia";2013;"Index 2";-0.02
"Cameroon";2013;"Index 2";3.84
"Canada";2013;"Index 2";0.25
"Ctr Afr Rep";2013;"Index 2";-8.73
"Chad";2013;"Index 2";0.84
"Chile";2013;"Index 2";0.03
"Hong Kong";2013;"Index 2";0.3
"Macao";2013;"Index 2";0.12
"China";2013;"Index 2";-0.05
"Colombia";2013;"Index 2";-0.04
"Congo";2013;"Index 2";2.92
"Costa Rica";2013;"Index 2";-0.95
"Croatia";2013;"Index 2";-0.59
"Cyprus";2013;"Index 2";2.77
"Czech Republic";2013;"Index 2";-1.16
"Denmark";2013;"Index 2";2.15
"Djibouti";2013;"Index 2";-1.65
"Dominican Rep";2013;"Index 2";0.97
"Ecuador";2013;"Index 2";-0.66
"El Salvador";2013;"Index 2";-0.14
"Eq. Guinea";2013;"Index 2";2.78
"Estonia";2013;"Index 2";0.81
"Eswatini";2013;"Index 2";-0.07
"Fiji";2013;"Index 2";-0.58
"Finland";2013;"Index 2";-0.82
"France";2013;"Index 2";0.44
"Gabon";2013;"Index 2";0.81
"Gambia";2013;"Index 2";1.16
"Georgia";2013;"Index 2";1.88
"Germany";2013;"Index 2";-1.26
"Ghana";2013;"Index 2";1.19
"Greece";2013;"Index 2";0.89
"Guatemala";2013;"Index 2";-0.24
"Honduras";2013;"Index 2";-0.65
"Hungary";2013;"Index 2";0.41
"India";2013;"Index 2";-0.34
"Indonesia";2013;"Index 2";-0.17
"Ireland";2013;"Index 2";1.11
"Israel";2013;"Index 2";1.39
"Italy";2013;"Index 2";-1.42
"Kazakhstan";2013;"Index 2";0.69
"Kenya";2013;"Index 2";-0.13
"Korea Rep";2013;"Index 2";-0.25
"Kosovo";2013;"Index 2";0.06
"Kuwait";2013;"Index 2";-0.57
"Kyrgyz Rep";2013;"Index 2";0.42
"Latvia";2013;"Index 2";-0.56
"Lebanon";2013;"Index 2";-0.23
"Lesotho";2013;"Index 2";1.65
"Lithuania";2013;"Index 2";0.36
"Luxembourg";2013;"Index 2";-1.09
"Macedonia";2013;"Index 2";0.71
"Madagascar";2013;"Index 2";2.34
"Malaysia";2013;"Index 2";0.22
"Malta";2013;"Index 2";-0.51
"Mauritius";2013;"Index 2";-0.43
"Mexico";2013;"Index 2";0.5
"Moldova";2013;"Index 2";2.06
"Namibia";2013;"Index 2";0.01
"Netherlands";2013;"Index 2";-0.61
"Nicaragua";2013;"Index 2";0.42
"Nigeria";2013;"Index 2";-0.23
"Norway";2013;"Index 2";0.22
"Pakistan";2013;"Index 2";-0.43
"Panama";2013;"Index 2";-0.54
"P. N. Guinea";2013;"Index 2";0.5
"Paraguay";2013;"Index 2";-0.23
"Peru";2013;"Index 2";0.09
"Philippines";2013;"Index 2";-1.23
"Poland";2013;"Index 2";-0.33
"Portugal";2013;"Index 2";-1.51
"Romania";2013;"Index 2";0.6
"Russia";2013;"Index 2";0.01
"Rwanda";2013;"Index 2";-3.22
"San Marino";2013;"Index 2";0.72
"Saudi Arabia";2013;"Index 2";0.37
"Seychelles";2013;"Index 2";-2.82
"Singapore";2013;"Index 2";-0.4
"Slovak Rep";2013;"Index 2";1.37
"Slovenia";2013;"Index 2";-8.01
"Solomon";2013;"Index 2";-0.6
"South Africa";2013;"Index 2";-0.21
"Spain";2013;"Index 2";1.9
"Sri Lanka";2013;"Index 2";-1.82
"Sweden";2013;"Index 2";0.24
"Switzerland";2013;"Index 2";0.61
"Tanzania";2013;"Index 2";-0.22
"Thailand";2013;"Index 2";0.43
"Tonga";2013;"Index 2";0.09
"Trinidad Tobago";2013;"Index 2";-0.91
"Turkey";2013;"Index 2";-0.3
"Uganda";2013;"Index 2";-2.47
"Ukraine";2013;"Index 2";0.13
"U. K.";2013;"Index 2";-0.73
"United States";2013;"Index 2";-0.37
"Uruguay";2013;"Index 2";0.49
"Vanuatu";2013;"Index 2";1.77
"Vietnam";2013;"Index 2";-0.7
"West Bank";2013;"Index 2";-0.14
"Zambia";2013;"Index 2";-0.73
"Afghanistan";2014;"Index 1";1.44
"Albania";2014;"Index 1";-0.12
"Algeria";2014;"Index 1";-1.58
"Angola";2014;"Index 1";-1.35
"Argentina";2014;"Index 1";1.25
"Armenia";2014;"Index 1";-2.61
"Australia";2014;"Index 1";0
"Austria";2014;"Index 1";-1.33
"Bangladesh";2014;"Index 1";-0.09
"Belarus";2014;"Index 1";-0.21
"Belgium";2014;"Index 1";-0.68
"Bhutan";2014;"Index 1";-0.38
"Bolivia";2014;"Index 1";0.27
"Bosnia";2014;"Index 1";0.11
"Botswana";2014;"Index 1";0.01
"Brazil";2014;"Index 1";-0.06
"Brunei";2014;"Index 1";-0.21
"Bulgaria";2014;"Index 1";2.35
"Burundi";2014;"Index 1";-2.74
"Cambodia";2014;"Index 1";-2.22
"Cameroon";2014;"Index 1";0.21
"Canada";2014;"Index 1";-0.39
"Ctr Afr Rep";2014;"Index 1";1.8
"Chad";2014;"Index 1";-5.03
"Chile";2014;"Index 1";0.31
"Hong Kong";2014;"Index 1";0.28
"Macao";2014;"Index 1";-0.8
"China";2014;"Index 1";-0.49
"Colombia";2014;"Index 1";-0.3
"Congo";2014;"Index 1";2.56
"Costa Rica";2014;"Index 1";-0.19
"Croatia";2014;"Index 1";0.49
"Cyprus";2014;"Index 1";4.62
"Czech Republic";2014;"Index 1";0
"Denmark";2014;"Index 1";-0.77
"Djibouti";2014;"Index 1";-0.18
"Dominican Rep";2014;"Index 1";0.1
"Ecuador";2014;"Index 1";0.17
"El Salvador";2014;"Index 1";-0.31
"Eq. Guinea";2014;"Index 1";1.08
"Estonia";2014;"Index 1";6.38
"Eswatini";2014;"Index 1";1.2
"Fiji";2014;"Index 1";-0.79
"Finland";2014;"Index 1";0.68
"France";2014;"Index 1";-0.42
"Gabon";2014;"Index 1";-1.5
"Gambia";2014;"Index 1";3.38
"Georgia";2014;"Index 1";-0.15
"Germany";2014;"Index 1";-0.43
"Ghana";2014;"Index 1";-0.15
"Greece";2014;"Index 1";0.11
"Guatemala";2014;"Index 1";-0.27
"Honduras";2014;"Index 1";0.19
"Hungary";2014;"Index 1";-0.56
"India";2014;"Index 1";-0.22
"Indonesia";2014;"Index 1";-0.48
"Ireland";2014;"Index 1";3.86
"Israel";2014;"Index 1";-0.24
"Italy";2014;"Index 1";0.5
"Kazakhstan";2014;"Index 1";1.17
"Kenya";2014;"Index 1";-1.51
"Korea Rep";2014;"Index 1";-0.38
"Kosovo";2014;"Index 1";1.41
"Kuwait";2014;"Index 1";-0.69
"Kyrgyz Rep";2014;"Index 1";-2.09
"Latvia";2014;"Index 1";2.22
"Lebanon";2014;"Index 1";-0.27
"Lesotho";2014;"Index 1";0.98
"Lithuania";2014;"Index 1";2.58
"Luxembourg";2014;"Index 1";-0.18
"Macedonia";2014;"Index 1";-0.38
"Madagascar";2014;"Index 1";-0.04
"Malaysia";2014;"Index 1";0.24
"Malta";2014;"Index 1";-1.43
"Mauritius";2014;"Index 1";-0.58
"Mexico";2014;"Index 1";-0.09
"Moldova";2014;"Index 1";-5.35
"Namibia";2014;"Index 1";0.25
"Netherlands";2014;"Index 1";1.18
"Nicaragua";2014;"Index 1";0.15
"Nigeria";2014;"Index 1";-0.45
"Norway";2014;"Index 1";0.23
"Pakistan";2014;"Index 1";1.25
"Panama";2014;"Index 1";0.02
"P. N. Guinea";2014;"Index 1";1.82
"Paraguay";2014;"Index 1";-0.45
"Peru";2014;"Index 1";-0.16
"Philippines";2014;"Index 1";-0.78
"Poland";2014;"Index 1";-0.43
"Portugal";2014;"Index 1";-0.6
"Romania";2014;"Index 1";0.18
"Russia";2014;"Index 1";-2.69
"Rwanda";2014;"Index 1";0.37
"San Marino";2014;"Index 1";-2.03
"Saudi Arabia";2014;"Index 1";-0.08
"Seychelles";2014;"Index 1";-2.47
"Singapore";2014;"Index 1";-0.33
"Slovak Rep";2014;"Index 1";0.18
"Slovenia";2014;"Index 1";6.86
"Solomon";2014;"Index 1";-0.28
"South Africa";2014;"Index 1";-0.34
"Spain";2014;"Index 1";0.2
"Sri Lanka";2014;"Index 1";0.02
"Sweden";2014;"Index 1";4.16
"Switzerland";2014;"Index 1";-0.83
"Tanzania";2014;"Index 1";-1.08
"Thailand";2014;"Index 1";0.59
"Tonga";2014;"Index 1";2.34
"Trinidad Tobago";2014;"Index 1";-0.7
"Turkey";2014;"Index 1";0.52
"Uganda";2014;"Index 1";1.33
"Ukraine";2014;"Index 1";-5.68
"U. K.";2014;"Index 1";-1.01
"United States";2014;"Index 1";-0.11
"Uruguay";2014;"Index 1";-0.46
"Vanuatu";2014;"Index 1";-0.31
"Vietnam";2014;"Index 1";-1.15
"West Bank";2014;"Index 1";-1.03
"Zambia";2014;"Index 1";0.08
"Afghanistan";2014;"Index 2";-3.23
"Albania";2014;"Index 2";0.21
"Algeria";2014;"Index 2";1.71
"Angola";2014;"Index 2";-1.24
"Argentina";2014;"Index 2";-0.56
"Armenia";2014;"Index 2";0.32
"Australia";2014;"Index 2";-0.11
"Austria";2014;"Index 2";0.15
"Bangladesh";2014;"Index 2";0.62
"Belarus";2014;"Index 2";-0.23
"Belgium";2014;"Index 2";0.28
"Bhutan";2014;"Index 2";-1.71
"Bolivia";2014;"Index 2";-0.05
"Bosnia";2014;"Index 2";0.76
"Botswana";2014;"Index 2";-3.67
"Brazil";2014;"Index 2";-0.54
"Brunei";2014;"Index 2";1.41
"Bulgaria";2014;"Index 2";-0.84
"Burundi";2014;"Index 2";-1.48
"Cambodia";2014;"Index 2";1.11
"Cameroon";2014;"Index 2";-2.22
"Canada";2014;"Index 2";-0.05
"Ctr Afr Rep";2014;"Index 2";-1.45
"Chad";2014;"Index 2";-0.58
"Chile";2014;"Index 2";-0.75
"Hong Kong";2014;"Index 2";-0.19
"Macao";2014;"Index 2";0.88
"China";2014;"Index 2";-0.18
"Colombia";2014;"Index 2";0.5
"Congo";2014;"Index 2";-2.31
"Costa Rica";2014;"Index 2";0.13
"Croatia";2014;"Index 2";-0.41
"Cyprus";2014;"Index 2";3.82
"Czech Republic";2014;"Index 2";0.62
"Denmark";2014;"Index 2";-0.23
"Djibouti";2014;"Index 2";-0.68
"Dominican Rep";2014;"Index 2";-1.72
"Ecuador";2014;"Index 2";0.58
"El Salvador";2014;"Index 2";-1.24
"Eq. Guinea";2014;"Index 2";1.94
"Estonia";2014;"Index 2";-2.54
"Eswatini";2014;"Index 2";0.08
"Fiji";2014;"Index 2";2
"Finland";2014;"Index 2";0.36
"France";2014;"Index 2";1.87
"Gabon";2014;"Index 2";0.78
"Gambia";2014;"Index 2";-0.22
"Georgia";2014;"Index 2";1.24
"Germany";2014;"Index 2";0.36
"Ghana";2014;"Index 2";0.64
"Greece";2014;"Index 2";-0.29
"Guatemala";2014;"Index 2";-0.14
"Honduras";2014;"Index 2";0.47
"Hungary";2014;"Index 2";-2.26
"India";2014;"Index 2";-0.28
"Indonesia";2014;"Index 2";-0.19
"Ireland";2014;"Index 2";1.6
"Israel";2014;"Index 2";-0.31
"Italy";2014;"Index 2";0.28
"Kazakhstan";2014;"Index 2";0.96
"Kenya";2014;"Index 2";0.4
"Korea Rep";2014;"Index 2";-0.67
"Kosovo";2014;"Index 2";3.44
"Kuwait";2014;"Index 2";0.03
"Kyrgyz Rep";2014;"Index 2";1.69
"Latvia";2014;"Index 2";0.15
"Lebanon";2014;"Index 2";0.78
"Lesotho";2014;"Index 2";-2.76
"Lithuania";2014;"Index 2";-0.89
"Luxembourg";2014;"Index 2";-0.26
"Macedonia";2014;"Index 2";0.59
"Madagascar";2014;"Index 2";1.96
"Malaysia";2014;"Index 2";-0.08
"Malta";2014;"Index 2";-0.42
"Mauritius";2014;"Index 2";-0.33
"Mexico";2014;"Index 2";-0.21
"Moldova";2014;"Index 2";2.06
"Namibia";2014;"Index 2";0.13
"Netherlands";2014;"Index 2";0.97
"Nicaragua";2014;"Index 2";-0.58
"Nigeria";2014;"Index 2";2.01
"Norway";2014;"Index 2";0.38
"Pakistan";2014;"Index 2";0.66
"Panama";2014;"Index 2";-0.08
"P. N. Guinea";2014;"Index 2";-1.59
"Paraguay";2014;"Index 2";0.04
"Peru";2014;"Index 2";0.76
"Philippines";2014;"Index 2";0.31
"Poland";2014;"Index 2";0.2
"Portugal";2014;"Index 2";-1.51
"Romania";2014;"Index 2";-0.87
"Russia";2014;"Index 2";-1.1
"Rwanda";2014;"Index 2";1.98
"San Marino";2014;"Index 2";-1.58
"Saudi Arabia";2014;"Index 2";-0.05
"Seychelles";2014;"Index 2";1.61
"Singapore";2014;"Index 2";-0.05
"Slovak Rep";2014;"Index 2";0.22
"Slovenia";2014;"Index 2";4.04
"Solomon";2014;"Index 2";0.91
"South Africa";2014;"Index 2";0
"Spain";2014;"Index 2";0.12
"Sri Lanka";2014;"Index 2";0.53
"Sweden";2014;"Index 2";-0.46
"Switzerland";2014;"Index 2";0.23
"Tanzania";2014;"Index 2";0.91
"Thailand";2014;"Index 2";-0.44
"Tonga";2014;"Index 2";-0.99
"Trinidad Tobago";2014;"Index 2";0.25
"Turkey";2014;"Index 2";-1.26
"Uganda";2014;"Index 2";-0.78
"Ukraine";2014;"Index 2";-4.41
"U. K.";2014;"Index 2";0.8
"United States";2014;"Index 2";-0.02
"Uruguay";2014;"Index 2";-1.21
"Vanuatu";2014;"Index 2";0.09
"Vietnam";2014;"Index 2";-0.74
"West Bank";2014;"Index 2";0.66
"Zambia";2014;"Index 2";0.67
"Afghanistan";2015;"Index 1";-6.7
"Albania";2015;"Index 1";0.29
"Algeria";2015;"Index 1";1.23
"Angola";2015;"Index 1";0.97
"Argentina";2015;"Index 1";-1.38
"Armenia";2015;"Index 1";-0.25
"Australia";2015;"Index 1";0.67
"Austria";2015;"Index 1";1.24
"Bangladesh";2015;"Index 1";-0.21
"Belarus";2015;"Index 1";-0.82
"Belgium";2015;"Index 1";0.37
"Bhutan";2015;"Index 1";1.48
"Bolivia";2015;"Index 1";-0.5
"Bosnia";2015;"Index 1";-0.96
"Botswana";2015;"Index 1";0.16
"Brazil";2015;"Index 1";-0.81
"Brunei";2015;"Index 1";1.25
"Bulgaria";2015;"Index 1";0.65
"Burundi";2015;"Index 1";1.28
"Cambodia";2015;"Index 1";-0.6
"Cameroon";2015;"Index 1";-0.61
"Canada";2015;"Index 1";-0.33
"Ctr Afr Rep";2015;"Index 1";-4.33
"Chad";2015;"Index 1";0.53
"Chile";2015;"Index 1";-0.93
"Hong Kong";2015;"Index 1";0.51
"Macao";2015;"Index 1";0.75
"China";2015;"Index 1";0.28
"Colombia";2015;"Index 1";-0.75
"Congo";2015;"Index 1";4.82
"Costa Rica";2015;"Index 1";-0.35
"Croatia";2015;"Index 1";-2.2
"Cyprus";2015;"Index 1";-1.26
"Czech Republic";2015;"Index 1";0.09
"Denmark";2015;"Index 1";2.01
"Djibouti";2015;"Index 1";0.41
"Dominican Rep";2015;"Index 1";-0.24
"Ecuador";2015;"Index 1";0.72
"El Salvador";2015;"Index 1";-0.33
"Eq. Guinea";2015;"Index 1";0.23
"Estonia";2015;"Index 1";-3.77
"Eswatini";2015;"Index 1";1.98
"Fiji";2015;"Index 1";-0.36
"Finland";2015;"Index 1";3.19
"France";2015;"Index 1";0.46
"Gabon";2015;"Index 1";-1.97
"Gambia";2015;"Index 1";1.48
"Georgia";2015;"Index 1";-2.65
"Germany";2015;"Index 1";0.14
"Ghana";2015;"Index 1";-1.22
"Greece";2015;"Index 1";1.38
"Guatemala";2015;"Index 1";-0.48
"Honduras";2015;"Index 1";-0.29
"Hungary";2015;"Index 1";1.34
"India";2015;"Index 1";-0.18
"Indonesia";2015;"Index 1";0.73
"Ireland";2015;"Index 1";1.95
"Israel";2015;"Index 1";-0.06
"Italy";2015;"Index 1";0.44
"Kazakhstan";2015;"Index 1";-3.14
"Kenya";2015;"Index 1";0.35
"Korea Rep";2015;"Index 1";0.51
"Kosovo";2015;"Index 1";1.95
"Kuwait";2015;"Index 1";0.07
"Kyrgyz Rep";2015;"Index 1";-1.01
"Latvia";2015;"Index 1";0.77
"Lebanon";2015;"Index 1";0.06
"Lesotho";2015;"Index 1";0.58
"Lithuania";2015;"Index 1";2.33
"Luxembourg";2015;"Index 1";1.89
"Macedonia";2015;"Index 1";0.39
"Madagascar";2015;"Index 1";0.44
"Malaysia";2015;"Index 1";-0.43
"Malta";2015;"Index 1";0.93
"Mauritius";2015;"Index 1";1.31
"Mexico";2015;"Index 1";-0.65
"Moldova";2015;"Index 1";5.26
"Namibia";2015;"Index 1";-0.09
"Netherlands";2015;"Index 1";0.7
"Nicaragua";2015;"Index 1";-0.15
"Nigeria";2015;"Index 1";1.01
"Norway";2015;"Index 1";0.78
"Pakistan";2015;"Index 1";-0.87
"Panama";2015;"Index 1";-0.04
"P. N. Guinea";2015;"Index 1";-0.39
"Paraguay";2015;"Index 1";-0.38
"Peru";2015;"Index 1";-0.09
"Philippines";2015;"Index 1";-0.32
"Poland";2015;"Index 1";0.39
"Portugal";2015;"Index 1";1.67
"Romania";2015;"Index 1";3.05
"Russia";2015;"Index 1";-2.03
"Rwanda";2015;"Index 1";-0.19
"San Marino";2015;"Index 1";1.73
"Saudi Arabia";2015;"Index 1";0.37
"Seychelles";2015;"Index 1";3
"Singapore";2015;"Index 1";0
"Slovak Rep";2015;"Index 1";-0.03
"Slovenia";2015;"Index 1";1.3
"Solomon";2015;"Index 1";-1.18
"South Africa";2015;"Index 1";-0.61
"Spain";2015;"Index 1";0.45
"Sri Lanka";2015;"Index 1";-1.57
"Sweden";2015;"Index 1";0.85
"Switzerland";2015;"Index 1";0.13
"Tanzania";2015;"Index 1";0.95
"Thailand";2015;"Index 1";0.3
"Tonga";2015;"Index 1";-1.83
"Trinidad Tobago";2015;"Index 1";0.94
"Turkey";2015;"Index 1";-0.89
"Uganda";2015;"Index 1";-1.54
"Ukraine";2015;"Index 1";-7.26
"U. K.";2015;"Index 1";1.62
"United States";2015;"Index 1";-0.03
"Uruguay";2015;"Index 1";-1.21
"Vanuatu";2015;"Index 1";-2.11
"Vietnam";2015;"Index 1";0.23
"West Bank";2015;"Index 1";-1.18
"Zambia";2015;"Index 1";-5.58
"Afghanistan";2015;"Index 2";-0.96
"Albania";2015;"Index 2";-1.52
"Algeria";2015;"Index 2";0.55
"Angola";2015;"Index 2";-1.79
"Argentina";2015;"Index 2";-0.57
"Armenia";2015;"Index 2";2.34
"Australia";2015;"Index 2";-0.01
"Austria";2015;"Index 2";-1.13
"Bangladesh";2015;"Index 2";-0.22
"Belarus";2015;"Index 2";1.42
"Belgium";2015;"Index 2";-0.29
"Bhutan";2015;"Index 2";-2.56
"Bolivia";2015;"Index 2";0.63
"Bosnia";2015;"Index 2";0.26
"Botswana";2015;"Index 2";0.84
"Brazil";2015;"Index 2";-0.73
"Brunei";2015;"Index 2";-0.28
"Bulgaria";2015;"Index 2";-0.2
"Burundi";2015;"Index 2";-0.66
"Cambodia";2015;"Index 2";0.16
"Cameroon";2015;"Index 2";0.34
"Canada";2015;"Index 2";0.04
"Ctr Afr Rep";2015;"Index 2";1.35
"Chad";2015;"Index 2";1.32
"Chile";2015;"Index 2";-0.17
"Hong Kong";2015;"Index 2";1.31
"Macao";2015;"Index 2";0.39
"China";2015;"Index 2";0.39
"Colombia";2015;"Index 2";-0.23
"Congo";2015;"Index 2";0.04
"Costa Rica";2015;"Index 2";-0.23
"Croatia";2015;"Index 2";1.41
"Cyprus";2015;"Index 2";2.63
"Czech Republic";2015;"Index 2";0.07
"Denmark";2015;"Index 2";-3.91
"Djibouti";2015;"Index 2";0.76
"Dominican Rep";2015;"Index 2";0.25
"Ecuador";2015;"Index 2";0.44
"El Salvador";2015;"Index 2";0.27
"Eq. Guinea";2015;"Index 2";-1.03
"Estonia";2015;"Index 2";-4.58
"Eswatini";2015;"Index 2";-5.77
"Fiji";2015;"Index 2";0.33
"Finland";2015;"Index 2";2.12
"France";2015;"Index 2";-0.2
"Gabon";2015;"Index 2";1.55
"Gambia";2015;"Index 2";1.66
"Georgia";2015;"Index 2";-0.33
"Germany";2015;"Index 2";-0.04
"Ghana";2015;"Index 2";2.11
"Greece";2015;"Index 2";2.89
"Guatemala";2015;"Index 2";-0.27
"Honduras";2015;"Index 2";-0.48
"Hungary";2015;"Index 2";-2.85
"India";2015;"Index 2";0.56
"Indonesia";2015;"Index 2";1.14
"Ireland";2015;"Index 2";-0.65
"Israel";2015;"Index 2";-0.34
"Italy";2015;"Index 2";-0.6
"Kazakhstan";2015;"Index 2";1.06
"Kenya";2015;"Index 2";1.16
"Korea Rep";2015;"Index 2";-1.46
"Kosovo";2015;"Index 2";-0.97
"Kuwait";2015;"Index 2";-0.22
"Kyrgyz Rep";2015;"Index 2";2.5
"Latvia";2015;"Index 2";0.12
"Lebanon";2015;"Index 2";-0.33
"Lesotho";2015;"Index 2";0.26
"Lithuania";2015;"Index 2";0.28
"Luxembourg";2015;"Index 2";-0.16
"Macedonia";2015;"Index 2";-0.83
"Madagascar";2015;"Index 2";-0.89
"Malaysia";2015;"Index 2";1.78
"Malta";2015;"Index 2";-0.59
"Mauritius";2015;"Index 2";1.66
"Mexico";2015;"Index 2";-0.57
"Moldova";2015;"Index 2";3.63
"Namibia";2015;"Index 2";-0.57
"Netherlands";2015;"Index 2";-0.09
"Nicaragua";2015;"Index 2";-0.65
"Nigeria";2015;"Index 2";1.34
"Norway";2015;"Index 2";0.8
"Pakistan";2015;"Index 2";-0.33
"Panama";2015;"Index 2";-0.07
"P. N. Guinea";2015;"Index 2";0.6
"Paraguay";2015;"Index 2";0.58
"Peru";2015;"Index 2";-0.89
"Philippines";2015;"Index 2";-0.23
"Poland";2015;"Index 2";0.93
"Portugal";2015;"Index 2";-1.11
"Romania";2015;"Index 2";-2.43
"Russia";2015;"Index 2";1.8
"Rwanda";2015;"Index 2";-0.56
"San Marino";2015;"Index 2";-0.31
"Saudi Arabia";2015;"Index 2";-0.71
"Seychelles";2015;"Index 2";3.12
"Singapore";2015;"Index 2";-0.13
"Slovak Rep";2015;"Index 2";-0.14
"Slovenia";2015;"Index 2";-0.79
"Solomon";2015;"Index 2";-1.18
"South Africa";2015;"Index 2";-0.42
"Spain";2015;"Index 2";-0.23
"Sri Lanka";2015;"Index 2";-1.5
"Sweden";2015;"Index 2";0.6
"Switzerland";2015;"Index 2";1.18
"Tanzania";2015;"Index 2";0.08
"Thailand";2015;"Index 2";0.54
"Tonga";2015;"Index 2";-2.18
"Trinidad Tobago";2015;"Index 2";-1.23
"Turkey";2015;"Index 2";-0.15
"Uganda";2015;"Index 2";-0.48
"Ukraine";2015;"Index 2";3.37
"U. K.";2015;"Index 2";1.02
"United States";2015;"Index 2";-0.62
"Uruguay";2015;"Index 2";-0.89
"Vanuatu";2015;"Index 2";0.65
"Vietnam";2015;"Index 2";-0.67
"West Bank";2015;"Index 2";-0.53
"Zambia";2015;"Index 2";-0.97
"Afghanistan";2016;"Index 1";6.16
"Albania";2016;"Index 1";-0.2
"Algeria";2016;"Index 1";-0.32
"Angola";2016;"Index 1";-0.63
"Argentina";2016;"Index 1";0.75
"Armenia";2016;"Index 1";2.72
"Australia";2016;"Index 1";-1.21
"Austria";2016;"Index 1";0.51
"Bangladesh";2016;"Index 1";-0.7
"Belarus";2016;"Index 1";-0.95
"Belgium";2016;"Index 1";-0.16
"Bhutan";2016;"Index 1";-0.4
"Bolivia";2016;"Index 1";-0.3
"Bosnia";2016;"Index 1";1.29
"Botswana";2016;"Index 1";-1.48
"Brazil";2016;"Index 1";0.63
"Brunei";2016;"Index 1";-0.26
"Bulgaria";2016;"Index 1";-0.16
"Burundi";2016;"Index 1";3.46
"Cambodia";2016;"Index 1";-0.1
"Cameroon";2016;"Index 1";-1.8
"Canada";2016;"Index 1";-0.35
"Ctr Afr Rep";2016;"Index 1";-4.48
"Chad";2016;"Index 1";-2.45
"Chile";2016;"Index 1";0.9
"Hong Kong";2016;"Index 1";0.6
"Macao";2016;"Index 1";0.04
"China";2016;"Index 1";-0.6
"Colombia";2016;"Index 1";0.82
"Congo";2016;"Index 1";-0.36
"Costa Rica";2016;"Index 1";-0.37
"Croatia";2016;"Index 1";2.25
"Cyprus";2016;"Index 1";2.47
"Czech Republic";2016;"Index 1";-0.31
"Denmark";2016;"Index 1";0.25
"Djibouti";2016;"Index 1";-0.69
"Dominican Rep";2016;"Index 1";-0.13
"Ecuador";2016;"Index 1";-1.53
"El Salvador";2016;"Index 1";-0.56
"Eq. Guinea";2016;"Index 1";0.83
"Estonia";2016;"Index 1";1.61
"Eswatini";2016;"Index 1";-1.37
"Fiji";2016;"Index 1";0.12
"Finland";2016;"Index 1";1.04
"France";2016;"Index 1";0.19
"Gabon";2016;"Index 1";-0.11
"Gambia";2016;"Index 1";-3.39
"Georgia";2016;"Index 1";-1.71
"Germany";2016;"Index 1";0.19
"Ghana";2016;"Index 1";-0.61
"Greece";2016;"Index 1";0.56
"Guatemala";2016;"Index 1";0.27
"Honduras";2016;"Index 1";-0.77
"Hungary";2016;"Index 1";1.39
"India";2016;"Index 1";-0.09
"Indonesia";2016;"Index 1";1.73
"Ireland";2016;"Index 1";1.55
"Israel";2016;"Index 1";0.31
"Italy";2016;"Index 1";-1.38
"Kazakhstan";2016;"Index 1";1.6
"Kenya";2016;"Index 1";-1.43
"Korea Rep";2016;"Index 1";0.36
"Kosovo";2016;"Index 1";-0.85
"Kuwait";2016;"Index 1";-0.06
"Kyrgyz Rep";2016;"Index 1";2.18
"Latvia";2016;"Index 1";-2.4
"Lebanon";2016;"Index 1";0.82
"Lesotho";2016;"Index 1";1.4
"Lithuania";2016;"Index 1";-4.72
"Luxembourg";2016;"Index 1";0.94
"Macedonia";2016;"Index 1";-0.34
"Madagascar";2016;"Index 1";-0.84
"Malaysia";2016;"Index 1";0.01
"Malta";2016;"Index 1";1.21
"Mauritius";2016;"Index 1";-0.48
"Mexico";2016;"Index 1";-0.78
"Moldova";2016;"Index 1";5.45
"Namibia";2016;"Index 1";0.19
"Netherlands";2016;"Index 1";1.12
"Nicaragua";2016;"Index 1";-0.37
"Nigeria";2016;"Index 1";-4.55
"Norway";2016;"Index 1";2.01
"Pakistan";2016;"Index 1";-1.46
"Panama";2016;"Index 1";1.03
"P. N. Guinea";2016;"Index 1";-0.17
"Paraguay";2016;"Index 1";1.1
"Peru";2016;"Index 1";0.63
"Philippines";2016;"Index 1";-0.83
"Poland";2016;"Index 1";0.47
"Portugal";2016;"Index 1";-1.32
"Romania";2016;"Index 1";1.1
"Russia";2016;"Index 1";1.33
"Rwanda";2016;"Index 1";-0.57
"San Marino";2016;"Index 1";-1.79
"Saudi Arabia";2016;"Index 1";0.97
"Seychelles";2016;"Index 1";0.92
"Singapore";2016;"Index 1";0.09
"Slovak Rep";2016;"Index 1";0.45
"Slovenia";2016;"Index 1";0.63
"Solomon";2016;"Index 1";1.48
"South Africa";2016;"Index 1";0.65
"Spain";2016;"Index 1";-0.2
"Sri Lanka";2016;"Index 1";-0.08
"Sweden";2016;"Index 1";0.46
"Switzerland";2016;"Index 1";-0.93
"Tanzania";2016;"Index 1";0.48
"Thailand";2016;"Index 1";0.12
"Tonga";2016;"Index 1";-5.41
"Trinidad Tobago";2016;"Index 1";-2.13
"Turkey";2016;"Index 1";-0.37
"Uganda";2016;"Index 1";-1.97
"Ukraine";2016;"Index 1";1.21
"U. K.";2016;"Index 1";0.48
"United States";2016;"Index 1";-0.33
"Uruguay";2016;"Index 1";1.05
"Vanuatu";2016;"Index 1";-1.86
"Vietnam";2016;"Index 1";-0.79
"West Bank";2016;"Index 1";-0.78
"Zambia";2016;"Index 1";3.17
"Afghanistan";2016;"Index 2";-2.9
"Albania";2016;"Index 2";0.34
"Algeria";2016;"Index 2";0.98
"Angola";2016;"Index 2";1.62
"Argentina";2016;"Index 2";0.86
"Armenia";2016;"Index 2";-1.2
"Australia";2016;"Index 2";2.84
"Austria";2016;"Index 2";0.4
"Bangladesh";2016;"Index 2";0.51
"Belarus";2016;"Index 2";0.8
"Belgium";2016;"Index 2";0.52
"Bhutan";2016;"Index 2";1.9
"Bolivia";2016;"Index 2";-0.41
"Bosnia";2016;"Index 2";-2.23
"Botswana";2016;"Index 2";-0.54
"Brazil";2016;"Index 2";0.99
"Brunei";2016;"Index 2";-0.03
"Bulgaria";2016;"Index 2";-1.07
"Burundi";2016;"Index 2";-0.99
"Cambodia";2016;"Index 2";0.39
"Cameroon";2016;"Index 2";-0.41
"Canada";2016;"Index 2";0.11
"Ctr Afr Rep";2016;"Index 2";-3.8
"Chad";2016;"Index 2";1.1
"Chile";2016;"Index 2";0.8
"Hong Kong";2016;"Index 2";-0.76
"Macao";2016;"Index 2";-0.16
"China";2016;"Index 2";0.04
"Colombia";2016;"Index 2";-0.23
"Congo";2016;"Index 2";-0.83
"Costa Rica";2016;"Index 2";-0.73
"Croatia";2016;"Index 2";-3.82
"Cyprus";2016;"Index 2";-3.35
"Czech Republic";2016;"Index 2";-0.48
"Denmark";2016;"Index 2";-1.49
"Djibouti";2016;"Index 2";-0.13
"Dominican Rep";2016;"Index 2";0.91
"Ecuador";2016;"Index 2";-0.34
"El Salvador";2016;"Index 2";0.11
"Eq. Guinea";2016;"Index 2";3.99
"Estonia";2016;"Index 2";2.34
"Eswatini";2016;"Index 2";5.21
"Fiji";2016;"Index 2";0.38
"Finland";2016;"Index 2";-1.36
"France";2016;"Index 2";-0.1
"Gabon";2016;"Index 2";-4.18
"Gambia";2016;"Index 2";0.19
"Georgia";2016;"Index 2";-0.95
"Germany";2016;"Index 2";-0.22
"Ghana";2016;"Index 2";0.29
"Greece";2016;"Index 2";-3.76
"Guatemala";2016;"Index 2";0.41
"Honduras";2016;"Index 2";0.85
"Hungary";2016;"Index 2";-3.55
"India";2016;"Index 2";0.38
"Indonesia";2016;"Index 2";0.14
"Ireland";2016;"Index 2";-0.94
"Israel";2016;"Index 2";0.17
"Italy";2016;"Index 2";1.32
"Kazakhstan";2016;"Index 2";-1.18
"Kenya";2016;"Index 2";0.53
"Korea Rep";2016;"Index 2";-0.9
"Kosovo";2016;"Index 2";-0.61
"Kuwait";2016;"Index 2";0.37
"Kyrgyz Rep";2016;"Index 2";2.03
"Latvia";2016;"Index 2";1.49
"Lebanon";2016;"Index 2";-0.55
"Lesotho";2016;"Index 2";0.94
"Lithuania";2016;"Index 2";-1.49
"Luxembourg";2016;"Index 2";0.64
"Macedonia";2016;"Index 2";-1.23
"Madagascar";2016;"Index 2";0.81
"Malaysia";2016;"Index 2";-0.28
"Malta";2016;"Index 2";-0.98
"Mauritius";2016;"Index 2";0.12
"Mexico";2016;"Index 2";-0.06
"Moldova";2016;"Index 2";-0.36
"Namibia";2016;"Index 2";0.31
"Netherlands";2016;"Index 2";-0.02
"Nicaragua";2016;"Index 2";-0.32
"Nigeria";2016;"Index 2";3.03
"Norway";2016;"Index 2";-0.09
"Pakistan";2016;"Index 2";0.21
"Panama";2016;"Index 2";0.45
"P. N. Guinea";2016;"Index 2";0.94
"Paraguay";2016;"Index 2";0.69
"Peru";2016;"Index 2";0.66
"Philippines";2016;"Index 2";-0.28
"Poland";2016;"Index 2";-0.24
"Portugal";2016;"Index 2";0.84
"Romania";2016;"Index 2";-1.17
"Russia";2016;"Index 2";0.76
"Rwanda";2016;"Index 2";1.11
"San Marino";2016;"Index 2";1.19
"Saudi Arabia";2016;"Index 2";0.75
"Seychelles";2016;"Index 2";0.02
"Singapore";2016;"Index 2";0.29
"Slovak Rep";2016;"Index 2";-2.69
"Slovenia";2016;"Index 2";-0.09
"Solomon";2016;"Index 2";-0.29
"South Africa";2016;"Index 2";0.39
"Spain";2016;"Index 2";0.11
"Sri Lanka";2016;"Index 2";-0.18
"Sweden";2016;"Index 2";-1.3
"Switzerland";2016;"Index 2";0.16
"Tanzania";2016;"Index 2";-0.1
"Thailand";2016;"Index 2";0.23
"Tonga";2016;"Index 2";-2.52
"Trinidad Tobago";2016;"Index 2";-0.3
"Turkey";2016;"Index 2";-1.66
"Uganda";2016;"Index 2";1.3
"Ukraine";2016;"Index 2";6.65
"U. K.";2016;"Index 2";0.41
"United States";2016;"Index 2";-0.13
"Uruguay";2016;"Index 2";1.97
"Vanuatu";2016;"Index 2";-1.68
"Vietnam";2016;"Index 2";-0.39
"West Bank";2016;"Index 2";-0.11
"Zambia";2016;"Index 2";1.85
"Afghanistan";2017;"Index 1";2.55
"Albania";2017;"Index 1";1.09
"Algeria";2017;"Index 1";0.94
"Angola";2017;"Index 1";0.33
"Argentina";2017;"Index 1";-1.49
"Armenia";2017;"Index 1";-1.64
"Australia";2017;"Index 1";0.02
"Austria";2017;"Index 1";0.1
"Bangladesh";2017;"Index 1";-1.34
"Belarus";2017;"Index 1";0.65
"Belgium";2017;"Index 1";0.18
"Bhutan";2017;"Index 1";-3.67
"Bolivia";2017;"Index 1";-1.2
"Bosnia";2017;"Index 1";-0.71
"Botswana";2017;"Index 1";1.42
"Brazil";2017;"Index 1";0.36
"Brunei";2017;"Index 1";-4.38
"Bulgaria";2017;"Index 1";-0.13
"Burundi";2017;"Index 1";-0.28
"Cambodia";2017;"Index 1";0.39
"Cameroon";2017;"Index 1";0.2
"Canada";2017;"Index 1";-0.42
"Ctr Afr Rep";2017;"Index 1";2.47
"Chad";2017;"Index 1";4.09
"Chile";2017;"Index 1";-0.33
"Hong Kong";2017;"Index 1";-0.24
"Macao";2017;"Index 1";-1.04
"China";2017;"Index 1";0.1
"Colombia";2017;"Index 1";0.44
"Congo";2017;"Index 1";3.09
"Costa Rica";2017;"Index 1";-0.03
"Croatia";2017;"Index 1";1.03
"Cyprus";2017;"Index 1";-1.55
"Czech Republic";2017;"Index 1";-0.89
"Denmark";2017;"Index 1";-0.51
"Djibouti";2017;"Index 1";-0.33
"Dominican Rep";2017;"Index 1";0.11
"Ecuador";2017;"Index 1";-1.03
"El Salvador";2017;"Index 1";-0.73
"Eq. Guinea";2017;"Index 1";3.45
"Estonia";2017;"Index 1";-1.33
"Eswatini";2017;"Index 1";0.71
"Fiji";2017;"Index 1";-1.12
"Finland";2017;"Index 1";1.18
"France";2017;"Index 1";-0.39
"Gabon";2017;"Index 1";4.24
"Gambia";2017;"Index 1";-0.75
"Georgia";2017;"Index 1";2.62
"Germany";2017;"Index 1";0.38
"Ghana";2017;"Index 1";-1.18
"Greece";2017;"Index 1";-0.66
"Guatemala";2017;"Index 1";0.03
"Honduras";2017;"Index 1";-0.22
"Hungary";2017;"Index 1";-0.54
"India";2017;"Index 1";-0.52
"Indonesia";2017;"Index 1";0.27
"Ireland";2017;"Index 1";-1.15
"Israel";2017;"Index 1";-0.21
"Italy";2017;"Index 1";2.2
"Kazakhstan";2017;"Index 1";3.98
"Kenya";2017;"Index 1";-2.27
"Korea Rep";2017;"Index 1";-0.02
"Kosovo";2017;"Index 1";-0.41
"Kuwait";2017;"Index 1";-0.68
"Kyrgyz Rep";2017;"Index 1";-0.42
"Latvia";2017;"Index 1";0.9
"Lebanon";2017;"Index 1";0.08
"Lesotho";2017;"Index 1";0.39
"Lithuania";2017;"Index 1";-0.02
"Luxembourg";2017;"Index 1";1.22
"Macedonia";2017;"Index 1";-0.18
"Madagascar";2017;"Index 1";-1.19
"Malaysia";2017;"Index 1";0.11
"Malta";2017;"Index 1";1.44
"Mauritius";2017;"Index 1";-0.46
"Mexico";2017;"Index 1";0.25
"Moldova";2017;"Index 1";1.57
"Namibia";2017;"Index 1";-0.05
"Netherlands";2017;"Index 1";0.15
"Nicaragua";2017;"Index 1";-0.52
"Nigeria";2017;"Index 1";-7.92
"Norway";2017;"Index 1";-0.64
"Pakistan";2017;"Index 1";-0.75
"Panama";2017;"Index 1";0.32
"P. N. Guinea";2017;"Index 1";1.54
"Paraguay";2017;"Index 1";0.11
"Peru";2017;"Index 1";0.33
"Philippines";2017;"Index 1";-0.33
"Poland";2017;"Index 1";0.51
"Portugal";2017;"Index 1";2.27
"Romania";2017;"Index 1";0.02
"Russia";2017;"Index 1";-0.34
"Rwanda";2017;"Index 1";-1.52
"San Marino";2017;"Index 1";1.43
"Saudi Arabia";2017;"Index 1";0.45
"Seychelles";2017;"Index 1";-2.57
"Singapore";2017;"Index 1";0.15
"Slovak Rep";2017;"Index 1";0.13
"Slovenia";2017;"Index 1";-1.21
"Solomon";2017;"Index 1";-3.28
"South Africa";2017;"Index 1";0.39
"Spain";2017;"Index 1";-0.57
"Sri Lanka";2017;"Index 1";0.45
"Sweden";2017;"Index 1";-0.38
"Switzerland";2017;"Index 1";1.23
"Tanzania";2017;"Index 1";0.06
"Thailand";2017;"Index 1";0
"Tonga";2017;"Index 1";-3.54
"Trinidad Tobago";2017;"Index 1";-0.8
"Turkey";2017;"Index 1";0.45
"Uganda";2017;"Index 1";3.14
"Ukraine";2017;"Index 1";4.83
"U. K.";2017;"Index 1";-0.77
"United States";2017;"Index 1";-0.02
"Uruguay";2017;"Index 1";1.75
"Vanuatu";2017;"Index 1";-1.16
"Vietnam";2017;"Index 1";-1.18
"West Bank";2017;"Index 1";-1.65
"Zambia";2017;"Index 1";0.52
"Afghanistan";2017;"Index 2";-2.1
"Albania";2017;"Index 2";0.79
"Algeria";2017;"Index 2";-3.56
"Angola";2017;"Index 2";0.39
"Argentina";2017;"Index 2";0.43
"Armenia";2017;"Index 2";0.73
"Australia";2017;"Index 2";0.31
"Austria";2017;"Index 2";1.1
"Bangladesh";2017;"Index 2";1.04
"Belarus";2017;"Index 2";0.27
"Belgium";2017;"Index 2";0.84
"Bhutan";2017;"Index 2";-2.34
"Bolivia";2017;"Index 2";0.26
"Bosnia";2017;"Index 2";0.73
"Botswana";2017;"Index 2";0.68
"Brazil";2017;"Index 2";0.27
"Brunei";2017;"Index 2";-0.59
"Bulgaria";2017;"Index 2";0.52
"Burundi";2017;"Index 2";0.41
"Cambodia";2017;"Index 2";-1.55
"Cameroon";2017;"Index 2";0.03
"Canada";2017;"Index 2";0.4
"Ctr Afr Rep";2017;"Index 2";-1.39
"Chad";2017;"Index 2";-2.61
"Chile";2017;"Index 2";0.16
"Hong Kong";2017;"Index 2";0.33
"Macao";2017;"Index 2";0.35
"China";2017;"Index 2";-0.08
"Colombia";2017;"Index 2";-0.55
"Congo";2017;"Index 2";-4.97
"Costa Rica";2017;"Index 2";-0.47
"Croatia";2017;"Index 2";-0.44
"Cyprus";2017;"Index 2";-1.56
"Czech Republic";2017;"Index 2";1.72
"Denmark";2017;"Index 2";-0.47
"Djibouti";2017;"Index 2";-1.13
"Dominican Rep";2017;"Index 2";0.93
"Ecuador";2017;"Index 2";1.2
"El Salvador";2017;"Index 2";-0.17
"Eq. Guinea";2017;"Index 2";-0.77
"Estonia";2017;"Index 2";-1.79
"Eswatini";2017;"Index 2";1.3
"Fiji";2017;"Index 2";-0.9
"Finland";2017;"Index 2";2.13
"France";2017;"Index 2";1.88
"Gabon";2017;"Index 2";-2.65
"Gambia";2017;"Index 2";-0.27
"Georgia";2017;"Index 2";1.5
"Germany";2017;"Index 2";-0.23
"Ghana";2017;"Index 2";-0.36
"Greece";2017;"Index 2";-0.2
"Guatemala";2017;"Index 2";0.01
"Honduras";2017;"Index 2";-0.18
"Hungary";2017;"Index 2";1.55
"India";2017;"Index 2";0.33
"Indonesia";2017;"Index 2";0.19
"Ireland";2017;"Index 2";-0.47
"Israel";2017;"Index 2";0.23
"Italy";2017;"Index 2";1.66
"Kazakhstan";2017;"Index 2";-1.73
"Kenya";2017;"Index 2";-1.14
"Korea Rep";2017;"Index 2";-1.2
"Kosovo";2017;"Index 2";0.71
"Kuwait";2017;"Index 2";0.3
"Kyrgyz Rep";2017;"Index 2";2.03
"Latvia";2017;"Index 2";-0.26
"Lebanon";2017;"Index 2";0.99
"Lesotho";2017;"Index 2";-2.45
"Lithuania";2017;"Index 2";-1.4
"Luxembourg";2017;"Index 2";-0.11
"Macedonia";2017;"Index 2";0.96
"Madagascar";2017;"Index 2";0.42
"Malaysia";2017;"Index 2";-0.17
"Malta";2017;"Index 2";-0.61
"Mauritius";2017;"Index 2";1.44
"Mexico";2017;"Index 2";0.3
"Moldova";2017;"Index 2";-4.08
"Namibia";2017;"Index 2";-0.9
"Netherlands";2017;"Index 2";1.66
"Nicaragua";2017;"Index 2";0.13
"Nigeria";2017;"Index 2";-1.21
"Norway";2017;"Index 2";1.62
"Pakistan";2017;"Index 2";-0.04
"Panama";2017;"Index 2";1.03
"P. N. Guinea";2017;"Index 2";1.19
"Paraguay";2017;"Index 2";0.61
"Peru";2017;"Index 2";-0.43
"Philippines";2017;"Index 2";0.71
"Poland";2017;"Index 2";0.42
"Portugal";2017;"Index 2";1.06
"Romania";2017;"Index 2";0.99
"Russia";2017;"Index 2";0.26
"Rwanda";2017;"Index 2";-0.88
"San Marino";2017;"Index 2";1.86
"Saudi Arabia";2017;"Index 2";-0.11
"Seychelles";2017;"Index 2";-0.13
"Singapore";2017;"Index 2";0.56
"Slovak Rep";2017;"Index 2";0.17
"Slovenia";2017;"Index 2";-0.32
"Solomon";2017;"Index 2";-2.13
"South Africa";2017;"Index 2";0.28
"Spain";2017;"Index 2";2.21
"Sri Lanka";2017;"Index 2";0.15
"Sweden";2017;"Index 2";-0.38
"Switzerland";2017;"Index 2";-0.01
"Tanzania";2017;"Index 2";-1.42
"Thailand";2017;"Index 2";-0.27
"Tonga";2017;"Index 2";0.75
"Trinidad Tobago";2017;"Index 2";0.28
"Turkey";2017;"Index 2";0.12
"Uganda";2017;"Index 2";1.55
"Ukraine";2017;"Index 2";4.54
"U. K.";2017;"Index 2";-0.21
"United States";2017;"Index 2";0.01
"Uruguay";2017;"Index 2";2.35
"Vanuatu";2017;"Index 2";-1.55
"Vietnam";2017;"Index 2";0.45
"West Bank";2017;"Index 2";0.25
"Zambia";2017;"Index 2";-2.05
